W,A,R,N,I,N,G, ,-, ,A,C,S,D,F, ,-, ,a,s,f,a,s,a, ,c,h,e,c,k,e,d
W,A,R,N,I,N,G, ,-, ,C,S,D, ,-, ,c,s,d, ,c,h,e,c,k,e,d
WARNING - AAAA - ddddd checked
WARNING - FSDA - fsa checked
INFO - ANUP checked their status
WARNING - AFSD - sffds checked - 2022-09-11 12:29:28.703358
2022-09-11 12:39:46.394493 - INFO - JAY checked their status
2022-09-11 12:40:09.175567 - WARNING - JAY - dmk checked
2022-09-11 12:40:17.074998 - INFO - JAY checked their status
2022-09-11 13:03:27.966763 - WARNING - GG - gad checked
2022-09-11 16:25:28.485928 - WARNING - PARMAR AVESH BHARATSINH - DME/5442 checked
2022-09-11 16:27:06.173714 - INFO - PARMAR AVESH BHARATSINH checked their status
